氨基酸,密码子,计数,频率(%)
*,UAA,23574,33.54
*,UAG,18236,25.95
*,UGA,28466,40.51
A,GCA,663517,34.50
A,GCC,289614,15.06
A,GCG,149005,7.75
A,GCN,35,0.00
A,GCU,821301,42.70
C,UGC,221537,40.66
C,UGU,323344,59.34
D,GAC,437213,28.25
D,GAU,1110431,71.75
E,GAA,1110358,57.04
E,GAG,836289,42.96
F,UUC,477196,38.78
F,UUU,753258,61.22
G,GGA,636024,34.78
G,GGC,289478,15.83
G,GGG,322665,17.65
G,GGN,19,0.00
G,GGU,580345,31.74
H,CAC,224058,32.51
H,CAU,465035,67.49
I,AUA,448524,27.85
I,AUC,364325,22.62
I,AUU,797593,49.53
K,AAA,961265,50.99
K,AAG,924092,49.01
L,CUA,314694,11.16
L,CUC,316553,11.23
L,CUG,339640,12.05
L,CUN,28,0.00
L,CUU,705448,25.02
L,UUA,442354,15.69
L,UUG,700382,24.84
M,AUG,710754,100.00
N,AAC,463100,34.15
N,AAU,893023,65.85
P,CCA,529861,37.72
P,CCC,180879,12.88
P,CCG,139541,9.93
P,CCN,28,0.00
P,CCU,554231,39.46
Q,CAA,644013,57.91
Q,CAG,468028,42.09
R,AGA,527689,34.69
R,AGG,389317,25.59
R,CGA,171492,11.27
R,CGC,111289,7.32
R,CGG,120995,7.95
R,CGN,5,0.00
R,CGU,200577,13.18
S,AGC,311410,11.95
S,AGU,484137,18.58
S,UCA,633542,24.32
S,UCC,310999,11.94
S,UCG,169930,6.52
S,UCN,22,0.00
S,UCU,695421,26.69
T,ACA,506360,35.15
T,ACC,242559,16.84
T,ACG,133139,9.24
T,ACN,15,0.00
T,ACU,558455,38.77
V,GUA,354389,18.81
V,GUC,291057,15.45
V,GUG,469106,24.90
V,GUN,26,0.00
V,GUU,769378,40.84
W,UGG,370515,100.00
X,AAN,22,2.03
X,AGN,21,1.94
X,ANA,34,3.14
X,ANC,26,2.40
X,ANG,13,1.20
X,ANU,38,3.51
X,AUN,26,2.40
X,CAN,22,2.03
X,CNA,29,2.68
X,CNC,28,2.59
X,CNG,19,1.76
X,CNU,25,2.31
X,GAN,21,1.94
X,GNA,36,3.33
X,GNC,26,2.40
X,GNG,29,2.68
X,GNU,35,3.23
X,NAA,43,3.97
X,NAC,15,1.39
X,NAG,20,1.85
X,NAU,54,4.99
X,NCA,31,2.87
X,NCC,25,2.31
X,NCG,9,0.83
X,NCU,30,2.77
X,NGA,26,2.40
X,NGC,16,1.48
X,NGG,28,2.59
X,NGU,24,2.22
X,NNA,1,0.09
X,NNC,4,0.37
X,NNN,26,2.40
X,NUA,27,2.50
X,NUC,18,1.66
X,NUG,33,3.05
X,NUU,43,3.97
X,UAN,21,1.94
X,UGN,18,1.66
X,UNA,32,2.96
X,UNC,17,1.57
X,UNG,16,1.48
X,UNU,32,2.96
X,UUN,23,2.13
Y,UAC,310137,36.70
Y,UAU,534881,63.30
